{
    "ret": 3.352857620995885,
    "mtx": [
        [
            590.5313336464056,
            0.0,
            264.96736626328214
        ],
        [
            0.0,
            604.7011384514298,
            114.0093597582041
        ],
        [
            0.0,
            0.0,
            1.0
        ]
    ],
    "dist": [
        [
            -0.07971532046908486,
            0.3676938609069056,
            -0.04314365029624919,
            -0.025353595149378922,
            -0.6282931460805082
        ]
    ],
    "rvecs": [
        [
            [
                0.30884128334363004
            ],
            [
                0.6391318511398305
            ],
            [
                -1.5143654810633664
            ]
        ],
        [
            [
                -0.03656902103785528
            ],
            [
                -0.5407931244332495
            ],
            [
                -2.0734264078177396
            ]
        ],
        [
            [
                -1.3412814326614282
            ],
            [
                -0.040069959400561704
            ],
            [
                -1.1927002917087803
            ]
        ],
        [
            [
                -0.18476659815372376
            ],
            [
                -0.6235599335199571
            ],
            [
                -2.860782180303309
            ]
        ],
        [
            [
                -0.15112121886816046
            ],
            [
                0.09256409289065193
            ],
            [
                -0.030724896234519555
            ]
        ],
        [
            [
                -0.31147277134322704
            ],
            [
                0.644515802880055
            ],
            [
                -0.9267748460389686
            ]
        ]
    ],
    "tvecs": [
        [
            [
                -3.5988646430242017
            ],
            [
                3.7401341101934844
            ],
            [
                14.740091656985308
            ]
        ],
        [
            [
                3.9357703725720614
            ],
            [
                5.944582367788934
            ],
            [
                14.032852398257514
            ]
        ],
        [
            [
                2.7778470872606267
            ],
            [
                8.420147836209578
            ],
            [
                22.6659833102287
            ]
        ],
        [
            [
                6.200634862290868
            ],
            [
                8.007831422912485
            ],
            [
                14.147263757983781
            ]
        ],
        [
            [
                0.6765385482829227
            ],
            [
                0.5684160863811576
            ],
            [
                17.71579042016008
            ]
        ],
        [
            [
                -0.6240532159128881
            ],
            [
                2.089186279202507
            ],
            [
                17.588132919913644
            ]
        ]
    ]
}